id,count
0,112.05837
1,250.20938
2,69.48021
4,120.0341
5,105.30126
10,154.69437
11,169.6359
12,227.4301
15,86.429886
17,32.94278
18,247.08006
23,239.74625
25,191.52843
26,97.11215
31,226.84425
39,206.1918
40,70.190926
41,147.67407
42,243.41559
43,204.96722
51,241.66335
52,83.7215
54,107.97366
60,193.66226
61,214.43372
62,178.56108
63,62.91357
65,159.95555
66,150.59178
68,207.96796
71,73.00252
80,104.057396
82,107.59855
94,213.0033
98,228.69313
101,99.58257
102,201.65746
107,113.29592
112,243.86176
113,95.328766
115,17.38855
116,187.91159
120,111.787346
121,96.59784
122,249.91722
132,200.81544
143,52.80305
147,97.69212
150,79.43911
151,82.606834
152,236.72977
153,112.33381
155,93.67484
156,118.54007
159,225.44199
161,108.99435
163,102.375885
177,201.6029
186,105.90701
188,86.507576
190,104.39103
191,112.25838
192,198.02274
195,237.20996
200,209.35469
209,237.21022
210,87.44658
211,254.0502
214,202.79819
215,105.559296
218,172.3339
219,59.0104
222,121.71406
225,79.028
228,254.48035
236,234.34958
241,100.16783
242,208.03581
243,249.25006
245,95.58872
247,243.27847
251,218.2026
252,105.595634
253,82.18073
254,93.756874
258,232.2633
260,82.11319
261,203.58469
265,87.10218
266,234.76839
267,221.87434
269,197.09534
270,99.61901
275,170.04965
278,102.499725
279,66.99967
286,133.43478
287,84.16408
288,229.10141
289,206.03362
293,103.44576
294,200.47145
297,-17.401281
302,129.92674
303,85.30697
304,111.52373
307,163.41597
309,80.470375
311,230.2345
312,143.23123
314,232.25772
315,242.11543
319,218.5527
322,182.29074
323,85.82061
325,208.09148
327,236.04753
330,82.27577
332,229.00006
333,101.162834
338,181.1199
341,95.107346
345,151.08675
348,187.07642
349,117.37016
350,148.82065
352,65.53648
355,64.33412
356,207.43863
358,85.316605
363,205.72049
369,217.99045
371,81.18466
372,220.56189
375,246.84366
380,211.85448
388,101.126724
391,220.74075
392,211.22968
393,243.30722
394,108.135284
396,83.03953
401,79.982025
407,64.45511
409,102.28873
410,159.03116
416,137.59297
418,147.53088
420,218.85754
421,232.98817
422,220.87186
424,247.77528
428,217.88147
429,233.47662
431,197.52933
435,11.283978
439,135.24884
441,48.72488
447,96.57148
449,220.89099
451,228.75107
452,104.550156
454,196.15475
458,230.38705
463,202.31235
467,90.300255
470,142.4305
471,184.14294
474,236.16342
478,112.66107
483,129.01894
484,180.60675
485,101.85991
486,193.93452
491,148.8197
494,118.30552
495,215.49821
497,209.10262
499,236.22452
515,164.6463
518,213.41608
521,123.66353
525,229.17885
529,226.56978
532,200.70949
534,87.36315
540,94.75431
544,251.1401
547,214.27611
549,107.83067
563,75.25667
564,228.29434
567,134.4692
572,181.6365
577,201.57675
578,248.50383
585,234.59673
588,223.70865
589,196.24976
590,159.10703
592,101.6261
594,143.10815
596,95.17729
598,230.50441
599,207.94757
605,108.423615
606,187.87848
607,220.57993
608,221.71541
609,91.173134
610,225.95837
611,129.51294
614,202.7587
615,203.5168
616,224.39014
617,184.33127
618,210.48357
624,137.86942
629,213.28322
631,117.96966
633,110.4021
637,99.93277
638,171.64568
643,61.18485
644,203.98471
645,86.90151
646,199.13318
648,192.07799
650,99.43289
651,123.59285
652,249.38248
656,190.95427
657,113.87893
659,90.18623
660,189.03738
662,171.64183
665,238.3303
675,252.56685
681,194.72769
682,210.4357
685,86.88454
686,227.21545
689,93.37614
696,186.62035
703,211.68077
704,146.8115
705,190.37807
714,214.00055
717,94.89748
718,104.27544
720,99.92331
721,244.13156
723,221.22809
726,117.7
728,207.6957
730,122.96924
731,106.06093
734,252.6965
737,77.46932
738,97.412415
745,233.17789
746,98.53245
749,210.1201
752,88.30731
753,104.88018
758,215.4475
765,110.22554
766,225.6147
768,86.93433
769,229.7377
774,205.9036
775,143.46823
781,74.047966
784,234.36317
794,129.0531
795,242.67345
796,95.11845
802,139.3036
803,130.42981
805,84.34218
806,240.07904
807,156.92209
809,76.32962
810,225.2844
812,112.7249
814,132.5766
818,220.74382
819,239.68185
825,-12.394405
836,115.16158
839,190.1476
847,240.37573
848,111.88295
851,204.71303
852,200.74957
853,48.177307
857,209.9799
858,114.51254
859,218.52997
861,-0.9025886
867,169.60822
870,206.0385
871,234.04417
872,256.4468
874,258.12234
881,240.4913
886,192.26492
890,75.50679
895,203.35974
899,94.06829
900,230.13063
901,236.12375
902,230.74258
903,108.82175
913,243.86633
918,240.5866
923,193.23488
924,91.07771
926,83.331055
927,99.21016
930,203.79425
934,70.65041
937,206.5061
939,171.31345
941,113.60818
942,252.62921
946,226.3552
950,153.37788
953,93.685165
959,54.16132
961,68.56781
962,116.73302
964,106.418396
969,190.7453
971,182.16408
976,90.56665
978,222.18323
980,234.0672
981,200.31653
990,243.41415
993,89.588264
996,103.18395
998,241.30081
999,217.81778
1006,188.3646
1008,96.987785
1013,101.5571
1015,142.65778
1016,189.63768
1022,234.73715
1026,218.56253
1028,241.29366
1031,23.228327
1034,92.27725
1037,235.06349
1040,117.43766
1042,98.77286
1046,128.77039
1048,147.15231
1049,182.47472
1050,94.54433
1051,223.67354
1052,232.3079
1055,121.71075
1060,194.7739
1064,126.61076
1066,87.60707
1071,193.51875
1073,97.29201
1089,217.72766
1091,147.32176
1092,88.24987
1093,231.78871
1096,232.9611
1097,208.24258
1098,81.84235
1099,91.67099
1102,240.36835
1107,112.08963
1109,109.34781
1111,43.595055
1112,172.23322
1114,261.17822
1116,232.83774
1117,194.23785
1118,97.466034
1122,202.00449
1124,213.71463
1127,129.53806
1133,227.81535
1134,94.01284
1135,194.87845
1139,233.86362
1143,89.34847
1150,118.22711
1151,161.75804
1153,238.7181
1155,94.93318
1162,89.20204
1163,206.76694
1166,5.4754357
1171,101.00536
1172,79.85314
1173,238.63054
1174,116.74185
1177,141.8151
1178,128.54327
1184,116.43863
1185,172.84142
1186,121.658806
1187,229.12006
1188,247.77705
1191,207.14615
1207,154.23477
1213,111.0289
1215,204.31801
1223,233.18161
1227,171.53989
1236,84.31265
1237,63.498077
1238,124.992874
1241,78.57172
1248,102.33558
1250,81.71008
1251,219.71635
1253,128.60628
1255,156.07365
1257,230.26234
1261,136.04662
1262,233.00984
1265,184.7084
1273,238.10625
1277,218.76936
1278,166.7131
1280,116.231895
1284,193.492
1285,250.63048
1288,114.34554
1295,163.74214
1297,254.03731
1299,238.7909
1304,204.16417
1308,95.02507
1310,149.31583
1311,176.72752
1314,114.20379
1315,164.73871
1318,25.325289
1320,257.14496
1321,232.84866
1322,200.7258
1330,191.57706
1333,221.56927
1334,200.38612
1341,200.19374
1344,181.86401
1351,217.99341
1354,77.63948
1356,98.831535
1363,179.94772
1365,216.65779
1369,187.88464
1373,132.0639
1375,180.60257
1377,75.325745
1379,215.63069
1380,228.98058
1381,130.85352
1384,199.99576
1390,220.61697
1393,228.85115
1395,83.549576
1399,229.36078
1400,109.8815
1401,132.77287
1404,220.46156
1408,100.715294
1409,22.741266
1413,207.2633
1416,226.08693
1418,147.6667
1423,111.62355
1424,79.046906
1425,84.12724
1433,249.07326
1434,196.85376
1436,236.55261
1442,226.14961
1444,84.415146
1445,200.18842
1452,215.71924
1455,223.38689
1462,102.72883
1467,28.334694
1472,111.01069
1475,135.18561
1493,176.82935
1501,214.31493
1503,232.38017
1504,241.99174
1505,74.663445
1511,240.84789
1512,79.41145
1513,172.14648
1514,125.20183
1528,229.0884
1533,253.47221
1534,82.85783
1536,207.87346
1537,90.66228
1539,135.4591
1550,210.41042
1552,207.27673
1554,228.9789
1555,239.96243
1556,64.67485
1559,80.89164
1563,230.86989
1566,220.392
1567,138.25066
1568,97.803314
1571,218.3193
1572,86.34433
1574,72.39796
1577,108.49742
1583,75.97379
1585,109.369804
1586,219.55542
1587,226.26761
1596,202.04865
1602,90.43619
1604,108.35505
1605,68.048584
1610,246.66992
1611,146.16159
1616,106.953514
1617,168.36734
1618,85.34111
1622,80.08914
1623,68.78585
1628,243.69205
1631,63.74493
1632,229.51491
1633,219.35773
1634,227.71935
1636,227.03644
1637,189.0139
1643,115.70657
1644,171.4155
1646,133.7131
1648,218.95235
1651,106.63791
1656,86.74863
1658,179.04707
1659,87.822174
1665,114.93036
1666,175.5889
1670,130.95663
1674,188.34335
1679,240.18304
1680,235.85757
1683,250.03726
1686,74.59912
1691,160.62358
1693,82.09604
1696,106.08299
1697,147.51724
1703,111.91846
1706,76.93035
1709,211.06352
1710,106.661285
1712,213.9043
1713,186.8149
1718,238.84444
1719,220.947
1722,240.25272
1723,181.87553
1724,244.9638
1728,69.83499
1730,112.03737
1732,84.5336
1737,60.757305
1745,73.219406
1747,102.78456
1748,106.262276
1755,145.51189
1759,105.44519
1761,230.56087
1764,206.44763
1765,212.11942
1766,72.19291
1768,89.58301
1770,101.39438
1771,195.75594
1774,133.49011
1785,203.00542
1788,242.97658
1792,96.65936
1794,214.90431
1797,169.10031
1798,65.073074
1799,253.43417
1802,160.36479
1806,90.69538
1808,106.392654
1810,231.704
1818,30.5241
1819,250.89511
1820,249.8797
1822,215.08055
1826,233.16429
1827,200.05016
1835,107.8764
1841,156.2827
1842,153.98398
1843,125.01418
1846,77.82726
1849,77.139
1850,246.41556
1851,148.05219
1857,83.190994
1858,192.85605
1860,138.50284
1861,224.64992
1864,108.83316
1869,233.53142
1871,116.1702
1872,15.956282
1875,85.58147
1878,254.5984
1879,233.04489
1885,68.51265
1888,130.565
1889,62.0306
1890,155.70712
1896,176.82318
1897,243.01984
1898,191.46957
1900,113.54439
1905,99.93982
1908,116.28708
1909,171.56018
1913,109.45176
1918,144.2979
1922,261.60776
1923,193.55296
1925,226.95099
1926,177.54364
1927,236.8222
1930,218.48318
1935,101.09858
1939,136.85138
1942,147.18033
1943,198.7638
1948,253.53732
1949,222.85358
1951,162.59921
1953,164.16061
1959,209.63503
1963,94.772995
1967,190.55312
1973,217.84045
1975,105.974335
1976,60.41718
1990,162.47498
1993,159.87651
1997,100.44852
1999,194.12476
2001,214.41895
2004,82.975
2010,151.81909
2013,193.01059
2017,244.56471
2021,138.19182
2023,92.50363
2026,218.68253
2037,84.706535
2039,112.9542
2041,81.982834
2046,87.04165
2050,108.317505
2060,214.42064
2067,161.9564
2069,198.39523
2072,232.4127
2074,211.56056
2079,163.35732
2083,90.575
2085,114.56737
2087,72.45662
2093,197.49289
2094,97.16026
2097,104.4197
2103,125.820564
2104,83.23427
2107,240.48422
2108,63.308773
2110,38.736835
2115,227.98083
2117,92.38927
2125,236.12604
2127,255.29678
2133,74.75452
2134,257.1358
2135,164.15536
2141,235.25606
2143,85.726746
2145,74.8107
2146,122.20772
2147,214.93338
2148,112.980484
2149,73.5994
2165,151.1727
2166,210.0186
2177,129.83623
